"dbpedia_3319","Forbes443","1.0","Pernod Ricard","Pernod Ricard"
"dbpedia_692","Forbes234","1.0","Bristol Myers Squibb","Bristol-Myers Squibb"
"dbpedia_4212","Forbes1077","1.0","Tata Steel","Tata Steel"
"dbpedia_581","Forbes1275","1.0","Bed Bath & Beyond","Bed Bath & Beyond"
"dbpedia_289","Forbes9","1.0","Apple Inc.","Apple"
"dbpedia_1884","Forbes492","1.0","Hana Financial Group","Hana Financial Group"
"dbpedia_2847","Forbes1193","1.0","Mitsubishi Chemical Holdings","Mitsubishi Motors"
"dbpedia_4432","Forbes1290","1.0","Transocean","Transocean"
"dbpedia_4433","Forbes1290","1.0","Transocean","Transocean"
"dbpedia_3611","Forbes735","1.0","Ross Stores","Ross Stores"
"dbpedia_4492","Forbes1941","1.0","U.S. Steel","US Steel"
"dbpedia_1127","Forbes808","1.0","D. R. Horton","DR Horton"
"dbpedia_2703","Forbes137","1.0","Manulife","Manulife"
"dbpedia_2704","Forbes137","1.0","Manulife","Manulife"
"dbpedia_3839","Forbes725","1.0","Sherwin-Williams","Sherwin-Williams"
"dbpedia_230","Forbes1183","1.0","American Water Works","American Water Works"
"dbpedia_2180","Forbes445","1.0","Intercontinental Exchange","IntercontinentalExchange"
"dbpedia_4140","Forbes960","1.0","TUI Group","TUI"
"dbpedia_1171","Forbes1500","1.0","Dangote Cement","Dangote Cement"
"dbpedia_1172","Forbes1500","1.0","Dangote Cement","Dangote Cement"
"dbpedia_1170","Forbes1500","1.0","Dangote Cement","Dangote Cement"
"dbpedia_2057","Forbes312","1.0","Hyundai Mobis","Hyundai Mobis"
"dbpedia_2852","Forbes1193","1.0","Mitsubishi Motors","Mitsubishi Motors"
"dbpedia_2053","Forbes1451","1.0","Hyundai Glovis","Hyundai Glovis"
"dbpedia_3352","Forbes1129","1.0","Phoenix Group","Phoenix Group Holdings"
"dbpedia_1850","Forbes699","1.0","Guosen Securities","Guosen Securities"
"dbpedia_751","Forbes1226","1.0","CJ Group","CJ Corp"
"dbpedia_4219","Forbes2000","1.0","Tech Mahindra","Tech Mahindra"
"dbpedia_1818","Forbes652","1.0","Great Wall Motor","Great Wall Motor"
"dbpedia_4727","Forbes683","1.0","Weyerhaeuser","Weyerhaeuser"
"dbpedia_1819","Forbes652","1.0","Great Wall Motor","Great Wall Motor"
"dbpedia_447","Forbes51","1.0","BMW","BMW Group"
"dbpedia_446","Forbes51","1.0","BMW","BMW Group"
"dbpedia_542","Forbes1004","1.0","Bank of East Asia","Bank of East Asia"
"dbpedia_508","Forbes1485","1.0","Bank Mizrahi-Tefahot","Mizrahi Tefahot Bank"
"dbpedia_470","Forbes1152","1.0","Ball Corporation","Ball"
"dbpedia_1748","Forbes1260","1.0","Genting Group","Genting"
"dbpedia_1155","Forbes839","1.0","Daiichi Sankyo","Daiichi Sankyo"
"dbpedia_3738","Forbes882","1.0","Sandvik","Sandvik"
"dbpedia_1156","Forbes839","1.0","Daiichi Sankyo","Daiichi Sankyo"
"dbpedia_226","Forbes97","1.0","American Express","American Express"
"dbpedia_72","Forbes1682","1.0","AU Optronics","AU Optronics"
"dbpedia_4724","Forbes1583","1.0","Westlake Chemical","Westlake Chemical"
"dbpedia_4366","Forbes935","1.0","Tokyu Corporation","Tokyu"
"dbpedia_4363","Forbes935","1.0","Tokyu Corporation","Tokyu"
"dbpedia_4362","Forbes935","1.0","Tokyu Corporation","Tokyu"
"dbpedia_4365","Forbes935","1.0","Tokyu Corporation","Tokyu"
"dbpedia_4364","Forbes935","1.0","Tokyu Corporation","Tokyu"
"dbpedia_2611","Forbes298","1.0","LyondellBasell","LyondellBasell Industries"
"dbpedia_2444","Forbes509","1.0","Komatsu Limited","Komatsu"
"dbpedia_397","Forbes1960","0.9545454545454546","Automotive Holdings Group","Group 1 Automotive"
"dbpedia_160","Forbes1927","1.0","Aldar Properties","Aldar Properties"
"dbpedia_398","Forbes1960","0.9545454545454546","Automotive Holdings Group","Group 1 Automotive"
"dbpedia_721","Forbes1227","1.0","C&A","CA"
"dbpedia_720","Forbes1227","1.0","C&A","CA"
"dbpedia_3505","Forbes856","1.0","Rakuten","Rakuten"
"dbpedia_747","Forbes525","1.0","CIC Holdings","CIC Group"
"dbpedia_1134","Forbes1765","1.0","DGB Financial Group","DGB Financial Group"
"dbpedia_3829","Forbes995","1.0","Shanghai Pharmaceuticals","Shanghai Pharmaceuticals"
"dbpedia_1251","Forbes77","1.0","Deutsche Telekom","Deutsche Telekom"
"dbpedia_2304","Forbes890","1.0","Julius Baer Group","Julius Baer Group"
"dbpedia_227","Forbes7","0.8660714285714286","American Financial Group","Bank of America"
"dbpedia_687","Forbes279","1.0","Bridgestone","Bridgestone"
"dbpedia_3366","Forbes16","1.0","Ping An Insurance","Ping An Insurance Group"
"dbpedia_1739","Forbes139","0.8660714285714286","General Motors","Generali Group"
"dbpedia_4819","Forbes1201","1.0","Zijin Mining","Zijin Mining Group"
"dbpedia_981","Forbes551","1.0","Citizens Financial Group","Citizens Financial Group"
"dbpedia_1864","Forbes271","1.0","HP Inc.","HP"
"dbpedia_1865","Forbes271","1.0","HP Inc.","HP"
"dbpedia_198","Forbes1522","1.0","Alpha Group Co., Ltd.","Alpha Bank"
"dbpedia_3544","Forbes695","1.0","Reinsurance Group of America","Reinsurance Group of America"
"dbpedia_110","Forbes1955","1.0","Advanced Micro Devices","Advanced Micro Devices"
"dbpedia_4800","Forbes1224","1.0","Yum China","Yum China Holdings"
"dbpedia_1740","Forbes139","0.8660714285714286","General Motors","Generali Group"
"dbpedia_221","Forbes1377","1.0","Amcor","Amcor"
"dbpedia_1404","Forbes1135","1.0","Electrolux","Electrolux Group"
"dbpedia_420","Forbes27","1.0","Axa","AXA Group"
"dbpedia_356","Forbes1963","1.0","Associated Banc-Corp","Associated Banc-Corp"
"dbpedia_2123","Forbes1327","1.0","Illumina, Inc.","Illumina"
"dbpedia_4258","Forbes148","1.0","Tencent","Tencent Holdings"
"dbpedia_2614","Forbes497","1.0","M&T Bank","M&T Bank"
"dbpedia_4259","Forbes148","1.0","Tencent","Tencent Holdings"
"dbpedia_3987","Forbes421","1.0","Standard Bank","Standard Bank Group"
"dbpedia_4257","Forbes148","1.0","Tencent","Tencent Holdings"
"dbpedia_919","Forbes1432","1.0","China Merchants Bank","China Merchants Holdings"
"dbpedia_4260","Forbes148","1.0","Tencent","Tencent Holdings"
"dbpedia_1276","Forbes782","0.8819444444444444","Discover Financial","Discovery Communications"
"dbpedia_4267","Forbes1559","1.0","Terumo","Terumo"
"dbpedia_4266","Forbes1559","1.0","Terumo","Terumo"
"dbpedia_2852","Forbes478","1.0","Mitsubishi Motors","Mitsubishi"
"dbpedia_3470","Forbes170","1.0","Qualcomm","Qualcomm"
"dbpedia_732","Forbes974","1.0","CBRE Group","CBRE Group"
"dbpedia_1022","Forbes1430","1.0","Coloplast","Coloplast"
"dbpedia_3438","Forbes731","1.0","Prologis","Prologis"
"dbpedia_3725","Forbes697","1.0","Samsung C&T Corporation","Samsung C&T"
"dbpedia_1761","Forbes195","1.0","GlaxoSmithKline Pharmaceuticals Ltd","GlaxoSmithKline"
"dbpedia_3854","Forbes1458","1.0","Shiseido","Shiseido"
"dbpedia_2847","Forbes478","1.0","Mitsubishi Chemical Holdings","Mitsubishi"
"dbpedia_4622","Forbes162","1.0","Vinci SA","VINCI"
"dbpedia_4576","Forbes211","1.0","Valero Energy","Valero Energy"
"dbpedia_2487","Forbes574","1.0","LG Chem","LG Chem"
"dbpedia_3102","Forbes297","1.0","Northrop Grumman","Northrop Grumman"
"dbpedia_3837","Forbes1684","1.0","Shaw Communications","Shaw Communications"
"dbpedia_2230","Forbes711","1.0","Isuzu","Isuzu Motors"
"dbpedia_3398","Forbes1821","1.0","Popular, Inc.","Popular"
"dbpedia_937","Forbes329","1.0","China Resources Land","China Resources Land"
"dbpedia_3397","Forbes1821","1.0","Popular, Inc.","Popular"
"dbpedia_2859","Forbes1382","1.0","Mitsui O.S.K. Lines","Mitsui OSK Lines"
"dbpedia_1143","Forbes1311","1.0","DXC Technology","Dxc Technology"
"dbpedia_4301","Forbes917","1.0","The Swatch Group","Swatch Group"
"dbpedia_2041","Forbes749","1.0","Husky Energy","Husky Energy"
"dbpedia_437","Forbes296","1.0","BCE Inc.","BCE"
"dbpedia_438","Forbes296","1.0","BCE Inc.","BCE"
"dbpedia_4402","Forbes817","1.0","Toshiba","Toshiba"
"dbpedia_4539","Forbes1833","1.0","United Aircraft Corporation","United Aircraft"
"dbpedia_3176","Forbes1395","1.0","Omron","OMRON"
"dbpedia_4630","Forbes173","1.0","Visa Inc.","Visa"
"dbpedia_3852","Forbes1219","1.0","Shionogi","Shionogi"
"dbpedia_3853","Forbes1219","1.0","Shionogi","Shionogi"
"dbpedia_3791","Forbes832","1.0","Secom","Secom"
"dbpedia_1464","Forbes1376","1.0","Essex Property Trust","Essex Property Trust"
"dbpedia_3555","Forbes1787","1.0","Remgro","Remgro"
"dbpedia_435","Forbes296","1.0","BCE Inc.","BCE"
"dbpedia_1144","Forbes662","1.0","DaVita Inc.","DaVita"
"dbpedia_436","Forbes296","1.0","BCE Inc.","BCE"
"dbpedia_3674","Forbes1658","1.0","SL Green Realty","SL Green Realty"
"dbpedia_3160","Forbes246","1.0","Oil and Natural Gas Corporation","Oil & Natural Gas"
"dbpedia_2541","Forbes690","1.0","Lenovo","Lenovo Group"
"dbpedia_2540","Forbes690","1.0","Lenovo","Lenovo Group"
"dbpedia_1049","Forbes519","1.0","ConocoPhillips","ConocoPhillips"
"dbpedia_1303","Forbes1289","1.0","Doosan Group","Doosan"
"dbpedia_2464","Forbes526","1.0","Kubota","Kubota"
"dbpedia_3829","Forbes309","1.0","Shanghai Pharmaceuticals","Bank Of Shanghai"
"dbpedia_4160","Forbes1483","1.0","Taishin Financial Holdings","Taishin Financial Holdings"
"dbpedia_4161","Forbes1483","1.0","Taishin Financial Holdings","Taishin Financial Holdings"
"dbpedia_2465","Forbes526","1.0","Kubota","Kubota"
"dbpedia_3291","Forbes381","1.0","PayPal","PayPal"
"dbpedia_2539","Forbes690","1.0","Lenovo","Lenovo Group"
"dbpedia_3290","Forbes381","1.0","PayPal","PayPal"
"dbpedia_2538","Forbes690","1.0","Lenovo","Lenovo Group"
"dbpedia_1312","Forbes113","1.0","Dow Inc.","Dow Chemical"
"dbpedia_3171","Forbes1153","1.0","Olympus Corporation","Olympus"
"dbpedia_1286","Forbes590","1.0","Dollar Tree","Dollar Tree"
"dbpedia_1768","Forbes1966","1.0","Global Payments","Global Payments"
"dbpedia_1765","Forbes1966","1.0","Global Payments","Global Payments"
"dbpedia_1238","Forbes233","1.0","Denso","Denso"
"dbpedia_1767","Forbes1966","1.0","Global Payments","Global Payments"
"dbpedia_3886","Forbes530","1.0","Simon Property Group","Simon Property Group"
"dbpedia_1766","Forbes1966","1.0","Global Payments","Global Payments"
"dbpedia_1322","Forbes154","1.0","Duke Energy","Duke Energy"
"dbpedia_3612","Forbes778","1.0","Rosseti","ROSSETI"
"dbpedia_3450","Forbes966","1.0","Public Storage","Public Storage"
"dbpedia_1098","Forbes761","1.0","Credicorp","Credicorp"
"dbpedia_3943","Forbes449","1.0","Sony","Sony"
"dbpedia_2226","Forbes1673","1.0","Israel Discount Bank","Israel Discount Bank"
"dbpedia_3942","Forbes449","1.0","Sony","Sony"
"dbpedia_3945","Forbes449","1.0","Sony","Sony"
"dbpedia_3944","Forbes449","1.0","Sony","Sony"
"dbpedia_2199","Forbes1834","1.0","Inventec","Inventec"
"dbpedia_2850","Forbes1165","1.0","Mitsubishi Materials","Mitsubishi Materials"
"dbpedia_2851","Forbes1165","1.0","Mitsubishi Materials","Mitsubishi Materials"
"dbpedia_4487","Forbes351","1.0","Tyson Foods","Tyson Foods"
"dbpedia_2906","Forbes1953","1.0","Motherson Sumi Systems","Motherson Sumi Systems"
"dbpedia_764","Forbes985","1.0","CP All","CP All"
"dbpedia_2369","Forbes881","1.0","Kajima","Kajima"
"dbpedia_4207","Forbes377","1.0","Tata Consultancy Services","Tata Consultancy Services"
"dbpedia_2731","Forbes379","1.0","Mastercard","Mastercard"
"dbpedia_2732","Forbes379","1.0","Mastercard","Mastercard"
"dbpedia_921","Forbes1432","1.0","China Merchants Bank","China Merchants Holdings"
"dbpedia_922","Forbes1432","1.0","China Merchants Bank","China Merchants Holdings"
"dbpedia_392","Forbes1288","1.0","AutoNation","AutoNation"
"dbpedia_3503","Forbes1556","1.0","Rajesh Exports","Rajesh Exports"
"dbpedia_920","Forbes1432","1.0","China Merchants Bank","China Merchants Holdings"
"dbpedia_2371","Forbes881","1.0","Kajima","Kajima"
"dbpedia_2372","Forbes881","1.0","Kajima","Kajima"
"dbpedia_1907","Forbes1685","1.0","Haseko","Haseko"
"dbpedia_3919","Forbes1264","1.0","Sojitz","Sojitz"
"dbpedia_1908","Forbes1685","1.0","Haseko","Haseko"
"dbpedia_2370","Forbes881","1.0","Kajima","Kajima"
"dbpedia_4008","Forbes456","1.0","Steinhoff International","Steinhoff International"
"dbpedia_390","Forbes1288","1.0","AutoNation","AutoNation"
"dbpedia_391","Forbes1288","1.0","AutoNation","AutoNation"
"dbpedia_4542","Forbes87","1.0","United Bank Limited","United Technologies"
"dbpedia_1157","Forbes434","1.0","Daikin","Daikin Industries"
"dbpedia_4052","Forbes413","1.0","Sumitomo Mitsui Trust Holdings","Sumitomo Mitsui Trust"
"dbpedia_741","Forbes997","1.0","CGI Inc.","CGI Group"
"dbpedia_1158","Forbes434","1.0","Daikin","Daikin Industries"
"dbpedia_389","Forbes1288","1.0","AutoNation","AutoNation"
"dbpedia_4570","Forbes646","1.0","VMware","VMware"
"dbpedia_1033","Forbes1253","1.0","Community Health Systems","Community Health Systems"
"dbpedia_768","Forbes806","1.0","CSL Limited","CSL"
"dbpedia_3406","Forbes1926","1.0","Pou Chen Corporation","Pou Chen"
"dbpedia_1329","Forbes1446","1.0","E-mart","E-mart"
"dbpedia_4807","Forbes1053","1.0","ZTE","ZTE"
"dbpedia_4806","Forbes1053","1.0","ZTE","ZTE"
"dbpedia_303","Forbes970","1.0","Arch Capital Group","Arch Capital Group"
"dbpedia_360","Forbes528","1.0","Astellas Pharma","Astellas Pharma"
"dbpedia_4165","Forbes1252","1.0","Taiwan Cooperative Bank","Taiwan Cooperative Financial"
"dbpedia_2416","Forbes337","1.0","Kia","KIA Motors"
"dbpedia_4166","Forbes1252","1.0","Taiwan Cooperative Bank","Taiwan Cooperative Financial"
"dbpedia_2277","Forbes1090","1.0","Japan Exchange Group","Japan Exchange Group"
"dbpedia_2276","Forbes1090","1.0","Japan Exchange Group","Japan Exchange Group"
"dbpedia_893","Forbes1822","1.0","Chesapeake Energy","Chesapeake Energy"
"dbpedia_3645","Forbes178","1.0","SAP","SAP"
"dbpedia_3729","Forbes253","1.0","Samsung Life Insurance","Samsung Life Insurance"
"dbpedia_1505","Forbes1879","1.0","Extra Space Storage","Extra Space Storage"
"dbpedia_3679","Forbes1084","1.0","SMC Corporation","SMC"
"dbpedia_812","Forbes281","1.0","Cardinal Health","Cardinal Health"
"dbpedia_4424","Forbes764","1.0","Toyota Tsusho","Toyota Tsusho"
"dbpedia_227","Forbes403","1.0","American Financial Group","American International Group"
"dbpedia_1615","Forbes851","1.0","Formosa Plastics Corp","Formosa Plastics"
"dbpedia_723","Forbes1060","1.0","C. H. Robinson","C.H. Robinson"
"dbpedia_1946","Forbes171","1.0","Hewlett Packard Enterprise","Hewlett Packard Enterprise"
"dbpedia_4269","Forbes485","1.0","Teva Pharmaceuticals","Teva Pharmaceutical"
"dbpedia_2450","Forbes138","1.0","Korea Electric Power Corporation","Korea Electric Power"
"dbpedia_2451","Forbes138","1.0","Korea Electric Power Corporation","Korea Electric Power"
"dbpedia_232","Forbes403","0.8819444444444444","Americana Group","American International Group"
"dbpedia_2476","Forbes1010","1.0","Kuwait Finance House","Kuwait Finance House"
"dbpedia_4404","Forbes1655","1.0","Tosoh","Tosoh"
"dbpedia_4403","Forbes1655","1.0","Tosoh","Tosoh"
"dbpedia_222","Forbes857","1.0","Ameren","Ameren"
"dbpedia_912","Forbes150","1.0","China Everbright Limited","China Everbright Bank"
"dbpedia_199","Forbes24","1.0","Alphabet Inc.","Alphabet"
"dbpedia_3313","Forbes84","1.0","PepsiCo","PepsiCo"
"dbpedia_1278","Forbes393","1.0","Dish Network","DISH Network"
"dbpedia_1279","Forbes393","1.0","Dish Network","DISH Network"
"dbpedia_907","Forbes135","1.0","China Construction Bank","China Communications Construction"
"dbpedia_2401","Forbes675","0.8660714285714286","Kellogg's","Kellogg"
"dbpedia_2956","Forbes1611","1.0","NVR, Inc.","NVR"
"dbpedia_909","Forbes135","1.0","China Construction Bank","China Communications Construction"
"dbpedia_2852","Forbes435","1.0","Mitsubishi Motors","Mitsubishi Chemical"
"dbpedia_2936","Forbes1852","1.0","NH Investment & Securities","NH Investment & Securities"
"dbpedia_908","Forbes135","1.0","China Construction Bank","China Communications Construction"
"dbpedia_2047","Forbes1088","1.0","Hydro One","Hydro One"
"dbpedia_295","Forbes1307","1.0","Arab Bank","Arab Bank"
"dbpedia_2049","Forbes1088","1.0","Hydro One","Hydro One"
"dbpedia_1052","Forbes595","1.0","Constellation Brands","Constellation Brands"
"dbpedia_2048","Forbes1088","1.0","Hydro One","Hydro One"
"dbpedia_2152","Forbes1198","1.0","Industries Qatar","Industries Qatar"
"dbpedia_4660","Forbes969","1.0","Voya Financial","Voya Financial"
"dbpedia_2484","Forbes1005","0.875","L3Harris Technologies","Harris"
"dbpedia_152","Forbes515","1.0","Al-Rajhi Bank","Al Rajhi Bank"
"dbpedia_3824","Forbes1022","1.0","Severstal","Severstal"
"dbpedia_2975","Forbes560","1.0","National Bank of Canada","National Bank of Canada"
"dbpedia_3851","Forbes1232","1.0","Shinsei Bank","Shinsei Bank"
"dbpedia_910","Forbes135","1.0","China Construction Bank","China Communications Construction"
"dbpedia_2847","Forbes435","1.0","Mitsubishi Chemical Holdings","Mitsubishi Chemical"
"dbpedia_4224","Forbes1677","1.0","Techtronic Industries","Techtronic Industries"
"dbpedia_2441","Forbes1019","1.0","Kohl's","Kohl's"
"dbpedia_120","Forbes1468","1.0","Agile Property","Agile Property Holdings"
"dbpedia_2173","Forbes54","1.0","Intel","Intel"
"dbpedia_3680","Forbes1084","1.0","SMC Corporation","SMC"
"dbpedia_3911","Forbes1694","1.0","Snap Inc.","Snap"
"dbpedia_3185","Forbes1595","1.0","Ono Pharmaceutical","ONO Pharmaceutical"
"dbpedia_3184","Forbes1595","1.0","Ono Pharmaceutical","ONO Pharmaceutical"
"dbpedia_704","Forbes1977","1.0","Brother Industries","Brother Industries"
"dbpedia_2246","Forbes819","1.0","JFE Holdings","JFE Holdings"
"dbpedia_2247","Forbes819","1.0","JFE Holdings","JFE Holdings"
"dbpedia_1350","Forbes1693","1.0","EQT","EQT"
"dbpedia_400","Forbes893","1.0","AvalonBay Communities","Avalonbay Communities"
"dbpedia_3894","Forbes331","1.0","Singtel","SingTel"
"dbpedia_649","Forbes73","1.0","Boeing","Boeing"
"dbpedia_3649","Forbes1954","1.0","SBA Communications","SBA Communications"
"dbpedia_2490","Forbes811","1.0","LG Electronics","LG Electronics"
"dbpedia_2021","Forbes1073","1.0","Host Hotels & Resorts","Host Hotels & Resorts"
"dbpedia_4059","Forbes239","1.0","Sun Life Financial","Sun Life Financial"
"dbpedia_4065","Forbes487","1.0","Suncor Energy","Suncor Energy"
"dbpedia_3636","Forbes815","1.0","S&P Global","S&P Global"
"dbpedia_3670","Forbes363","1.0","SK Inc.","SK Holdings"
"dbpedia_3018","Forbes1221","1.0","New York Community Bank","New York Community"
"dbpedia_3407","Forbes1003","1.0","Power Assets Holdings","Power Assets Holdings"
"dbpedia_1489","Forbes614","1.0","Eversource Energy","Eversource Energy"
"dbpedia_2177","Forbes1166","1.0","Interactive Brokers","Interactive Brokers Group"
"dbpedia_3408","Forbes358","1.0","Power Corporation of Canada","Power Corp of Canada"
"dbpedia_853","Forbes1132","1.0","Cenovus Energy","Cenovus Energy"
"dbpedia_4360","Forbes865","1.0","Tokyo Gas","Tokyo Gas"
"dbpedia_880","Forbes1149","1.0","Charoen Pokphand Foods","Charoen Pokphand Foods"
"dbpedia_503","Forbes1028","1.0","Bank Leumi","Bank Leumi"
"dbpedia_3369","Forbes1306","1.0","Pioneer Natural Resources","Pioneer Natural Resources"
"dbpedia_793","Forbes783","1.0","Canadian Natural Resources","Canadian Natural Resources"
"dbpedia_4779","Forbes1574","1.0","Yamada Denki","Yamada Denki"
"dbpedia_1585","Forbes1875","1.0","First Quantum Minerals","First Quantum Minerals"
"dbpedia_1253","Forbes888","1.0","Devon Energy","Devon Energy"
"dbpedia_2167","Forbes1169","1.0","Intact Financial","Intact Financial"
"dbpedia_1369","Forbes505","1.0","Ecolab","Ecolab"
"dbpedia_2767","Forbes991","1.0","MediaTek","Mediatek"
"dbpedia_762","Forbes1281","1.0","COSCO Shipping International","Cosco Shipping"
"dbpedia_227","Forbes843","1.0","American Financial Group","American Financial Group"
"dbpedia_4225","Forbes754","1.0","Teck Resources","Teck Resources"
"dbpedia_3599","Forbes668","1.0","Rogers Communications","Rogers Communications"
"dbpedia_2013","Forbes136","1.0","Honeywell","Honeywell International"
"dbpedia_2710","Forbes976","1.0","Markel Corporation","Markel"
"dbpedia_960","Forbes1001","1.0","Cincinnati Financial","Cincinnati Financial"
"dbpedia_3801","Forbes617","1.0","Sekisui House","Sekisui House"
"dbpedia_3119","Forbes657","1.0","Nucor","Nucor"
"dbpedia_232","Forbes843","0.8819444444444444","Americana Group","American Financial Group"
"dbpedia_3453","Forbes1284","1.0","PulteGroup","PulteGroup"
"dbpedia_1617","Forbes664","1.0","Fortescue Metals Group","Fortescue Metals Group"
"dbpedia_2606","Forbes1717","1.0","Lupin Limited","Lupin"
"dbpedia_2088","Forbes1488","1.0","IHI Corporation","IHI"
"dbpedia_1628","Forbes448","1.0","Fosun International","Fosun International"
"dbpedia_769","Forbes354","1.0","CSX Corporation","CSX"
"dbpedia_3774","Forbes250","1.0","Schneider Electric","Schneider Electric"
"dbpedia_1799","Forbes1444","1.0","Goodman Group","Goodman Group"
"dbpedia_1028","Forbes1967","1.0","Commerce Bancshares","Commerce Bancshares"
"dbpedia_4496","Forbes1850","1.0","UCO Bank","UCO Bank"
"dbpedia_3656","Forbes385","1.0","SEB Group","SEB"
"dbpedia_3425","Forbes341","1.0","Principal Financial Group","Principal Financial Group"
"dbpedia_1287","Forbes1961","1.0","Dollarama","Dollarama"
"dbpedia_4821","Forbes1047","1.0","Zoetis","Zoetis"
"dbpedia_3256","Forbes1676","1.0","PacWest Bancorp","PacWest Bancorp"
"dbpedia_3657","Forbes385","1.0","SEB Group","SEB"
"dbpedia_2012","Forbes136","1.0","Honeywell","Honeywell International"
"dbpedia_153","Forbes1858","1.0","Alawwal Bank","Alawwal Bank"
"dbpedia_632","Forbes205","1.0","BlackRock","BlackRock"
"dbpedia_1842","Forbes1373","1.0","Gudang Garam","Gudang Garam"
"dbpedia_3463","Forbes1229","1.0","Qatar Islamic Bank","Qatar Islamic Bank"
"dbpedia_4781","Forbes1574","1.0","Yamada Denki","Yamada Denki"
"dbpedia_2977","Forbes758","1.0","National Bank of Kuwait","National Bank of Kuwait"
"dbpedia_4780","Forbes1574","1.0","Yamada Denki","Yamada Denki"
"dbpedia_672","Forbes454","1.0","Bouygues","Bouygues"
"dbpedia_2672","Forbes814","1.0","Magnit","Magnit"
"dbpedia_2853","Forbes1533","1.0","Mitsui Chemicals","Mitsui Chemicals"
"dbpedia_2854","Forbes1533","1.0","Mitsui Chemicals","Mitsui Chemicals"
"dbpedia_4477","Forbes1641","1.0","Tsinghua Tongfang","Tsinghua Tongfang"
"dbpedia_4436","Forbes1427","1.0","Transurban","Transurban Group"
"dbpedia_4437","Forbes1427","1.0","Transurban S.A.","Transurban Group"
"dbpedia_3672","Forbes1282","1.0","SKF","SKF Group"
"dbpedia_3221","Forbes578","1.0","Otsuka Pharmaceutical","Otsuka Holding"
"dbpedia_2074","Forbes310","1.0","ICICI Bank","ICICI Bank"
"dbpedia_3542","Forbes546","1.0","Regions Financial Corporation","Regions Financial"
"dbpedia_3773","Forbes771","1.0","Scentre Group","Scentre Group"
"dbpedia_2492","Forbes1551","1.0","LG Uplus","LG Uplus"
"dbpedia_2035","Forbes438","1.0","Humana","Humana"
"dbpedia_3772","Forbes771","1.0","Scentre Group","Scentre Group"
"dbpedia_3111","Forbes1009","1.0","Novolipetsk Steel","Novolipetsk Steel"
"dbpedia_890","Forbes1466","1.0","Cheniere Energy","Cheniere Energy"
"dbpedia_180","Forbes1845","1.0","Allahabad Bank","Allahabad Bank"
"dbpedia_94","Forbes692","1.0","Activision Blizzard","Activision Blizzard"
"dbpedia_879","Forbes303","1.0","Charles Schwab Corporation","Charles Schwab"
"dbpedia_4056","Forbes1891","1.0","Sumitomo Rubber Industries","Sumitomo Rubber"
"dbpedia_4055","Forbes1891","1.0","Sumitomo Rubber Industries","Sumitomo Rubber"
"dbpedia_4272","Forbes707","1.0","Textron","Textron"
"dbpedia_4653","Forbes29","1.0","Volkswagen Group","Volkswagen Group"
"dbpedia_759","Forbes1598","1.0","CNO Financial Group","CNO Financial Group"
"dbpedia_2106","Forbes797","1.0","ITC Limited","ITC"
"dbpedia_1793","Forbes49","1.0","Goldman Sachs","Goldman Sachs Group"
"dbpedia_1794","Forbes49","1.0","Goldman Sachs","Goldman Sachs Group"
"dbpedia_4422","Forbes10","1.0","Toyota","Toyota Motor"
"dbpedia_3244","Forbes480","1.0","PPL Corporation","PPL"
"dbpedia_4209","Forbes290","1.0","Tata Motors","Tata Motors"
"dbpedia_1165","Forbes705","1.0","Daiwa Securities Group","Daiwa Securities"
"dbpedia_4655","Forbes275","1.0","Volvo","Volvo Group"
"dbpedia_3579","Forbes1202","1.0","Ricoh","Ricoh"
"dbpedia_1735","Forbes231","1.0","General Dynamics","General Dynamics"
"dbpedia_3182","Forbes1058","1.0","Oneok","Oneok"
"dbpedia_4346","Forbes1903","1.0","Toho Bank","Toho Holdings"
"dbpedia_460","Forbes390","1.0","Baidu","Baidu"
"dbpedia_736","Forbes459","1.0","CBS Corporation","CBS"
"dbpedia_4608","Forbes1302","1.0","Vicinity Centres","Vicinity Centres"
"dbpedia_735","Forbes459","1.0","CBS Corporation","CBS"
"dbpedia_4609","Forbes1302","1.0","Vicinity Centres","Vicinity Centres"
"dbpedia_734","Forbes459","1.0","CBS Corporation","CBS"
"dbpedia_733","Forbes459","1.0","CBS Corporation","CBS"
"dbpedia_3586","Forbes1429","1.0","Rite Aid","Rite Aid"
"dbpedia_1169","Forbes1656","1.0","Dana Incorporated","Dana Holding"
"dbpedia_4159","Forbes880","1.0","Taisei Corporation","Taisei"
"dbpedia_1250","Forbes196","1.0","Deutsche Post","Deutsche Post"
"dbpedia_876","Forbes1416","1.0","Chang Hwa Bank","Chang Hwa Bank"
"dbpedia_877","Forbes1416","1.0","Chang Hwa Bank","Chang Hwa Bank"
"dbpedia_974","Forbes1321","1.0","Cintas","Cintas"
"dbpedia_3061","Forbes1831","1.0","Nippon Paper Industries","Nippon Paper Industries"
"dbpedia_432","Forbes1035","1.0","BBMG","BBMG"
"dbpedia_4168","Forbes1528","1.0","Taiwan Mobile","Taiwan Mobile"
"dbpedia_4274","Forbes1631","1.0","The 77 Bank","77 Bank"
"dbpedia_971","Forbes1321","1.0","Cintas","Cintas"
"dbpedia_3062","Forbes1831","1.0","Nippon Paper Industries","Nippon Paper Industries"
"dbpedia_973","Forbes1321","1.0","Cintas","Cintas"
"dbpedia_972","Forbes1321","1.0","Cintas","Cintas"
"dbpedia_517","Forbes403","0.8660714285714286","Bank of America","American International Group"
"dbpedia_4396","Forbes605","1.0","Toray Industries","Toray Industries"
"dbpedia_4395","Forbes605","1.0","Toray Industries","Toray Industries"
"dbpedia_4606","Forbes1302","1.0","Vicinity Centres","Vicinity Centres"
"dbpedia_4607","Forbes1302","1.0","Vicinity Centres","Vicinity Centres"
"dbpedia_3272","Forbes222","1.0","Panasonic","Panasonic"
"dbpedia_324","Forbes1362","1.0","Arthur J. Gallagher & Co.","Arthur J. Gallagher"
"dbpedia_4315","Forbes1946","1.0","Thomas Cook Group","Thomas Cook Group"
"dbpedia_519","Forbes403","0.8660714285714286","Bank of America","American International Group"
"dbpedia_518","Forbes403","0.8660714285714286","Bank of America","American International Group"
"dbpedia_1550","Forbes224","1.0","Fiat Chrysler Automobiles","Fiat Chrysler Automobiles"
"dbpedia_795","Forbes1146","1.0","Canadian Tire","Canadian Tire"
"dbpedia_3524","Forbes1463","1.0","Realty Income","Realty Income"
"dbpedia_3211","Forbes256","1.0","Orix","Orix"
"dbpedia_2195","Forbes121","1.0","Intesa Sanpaolo","Intesa Sanpaolo"
"dbpedia_906","Forbes1518","1.0","China Communications Services","China Communications Services"
"dbpedia_2196","Forbes121","1.0","Intesa Sanpaolo","Intesa Sanpaolo"
"dbpedia_3212","Forbes256","1.0","Orix","Orix"
"dbpedia_2531","Forbes1893","1.0","Leidos","Leidos"
"dbpedia_47","Forbes850","1.0","AMP Limited","AMP"
"dbpedia_4788","Forbes1239","1.0","Yes Bank","Yes Bank"
"dbpedia_2255","Forbes1347","1.0","JSW Steel Ltd","JSW Steel"
"dbpedia_1506","Forbes13","1.0","ExxonMobil","Exxon Mobil"
"dbpedia_3570","Forbes512","1.0","Resona Holdings","Resona Holdings"
"dbpedia_602","Forbes569","1.0","Best Buy","Best Buy"
"dbpedia_3332","Forbes399","1.0","Petrobras","Petrobras"
"dbpedia_1942","Forbes1587","1.0","Hero MotoCorp","Hero Motocorp"
"dbpedia_3671","Forbes437","1.0","SK Innovation","SK Innovation"
"dbpedia_2488","Forbes833","1.0","LG Corporation","LG Corp"
"dbpedia_1498","Forbes1063","1.0","Expedia Group","Expedia"
"dbpedia_799","Forbes266","1.0","Canon Inc.","Canon"
"dbpedia_4709","Forbes796","1.0","Welltower","Welltower"
"dbpedia_1740","Forbes41","1.0","General Motors","General Motors"
"dbpedia_3637","Forbes830","1.0","S-Oil","S-Oil"
"dbpedia_395","Forbes1809","1.0","Autodesk","Autodesk"
"dbpedia_394","Forbes1809","1.0","Autodesk","Autodesk"
"dbpedia_2197","Forbes1042","1.0","Intuit","Intuit"
"dbpedia_393","Forbes1809","1.0","Autodesk","Autodesk"
"dbpedia_939","Forbes852","1.0","China Steel","China Steel"
"dbpedia_4526","Forbes1267","1.0","Unicharm","Unicharm"
"dbpedia_3900","Forbes909","1.0","Skanska","Skanska"
"dbpedia_3078","Forbes95","1.0","Nissan Chemical Corporation","Nissan Motor"
"dbpedia_2068","Forbes43","1.0","IBM","IBM"
"dbpedia_3077","Forbes95","1.0","Nissan Chemical Corporation","Nissan Motor"
"dbpedia_3076","Forbes95","1.0","Nissan","Nissan Motor"
"dbpedia_3843","Forbes1506","1.0","Shimano","Shimano"
"dbpedia_126","Forbes6","1.0","Agricultural Bank of China","Agricultural Bank of China"
"dbpedia_3844","Forbes1506","1.0","Shimano","Shimano"
"dbpedia_127","Forbes6","1.0","Agricultural Bank of China","Agricultural Bank of China"
"dbpedia_4156","Forbes1537","1.0","Taiheiyo Cement","Taiheiyo Cement"
"dbpedia_4494","Forbes80","1.0","UBS","UBS"
"dbpedia_124","Forbes6","1.0","Agricultural Bank of China","Agricultural Bank of China"
"dbpedia_4155","Forbes1537","1.0","Taiheiyo Cement","Taiheiyo Cement"
"dbpedia_4495","Forbes80","1.0","UBS","UBS"
"dbpedia_125","Forbes6","1.0","Agricultural Bank of China","Agricultural Bank of China"
"dbpedia_2806","Forbes361","1.0","Michelin","Michelin Group"
"dbpedia_1739","Forbes41","1.0","General Motors","General Motors"
"dbpedia_193","Forbes1404","1.0","Almarai","Almarai"
"dbpedia_952","Forbes450","1.0","Chubu Electric Power","Chubu Electric Power"
"dbpedia_4250","Forbes282","1.0","Telstra","Telstra"
"dbpedia_238","Forbes1498","1.0","Ametek","Ametek"
"dbpedia_1838","Forbes1629","1.0","Guangdong Investment","Guangdong Investment"
"dbpedia_2714","Forbes467","1.0","Marriott International","Marriott International"
"dbpedia_4122","Forbes1037","1.0","TDK","TDK"
"dbpedia_668","Forbes1064","1.0","Boston Properties","Boston Properties"
"dbpedia_4359","Forbes1017","1.0","Tokyo Electron","Tokyo Electron"
"dbpedia_4358","Forbes1017","1.0","Tokyo Electron","Tokyo Electron"
"dbpedia_509","Forbes1507","1.0","Bank Muscat","Bank Muscat"
"dbpedia_357","Forbes1104","1.0","Assurant","Assurant"
"dbpedia_233","Forbes343","1.0","Ameriprise Financial","Ameriprise Financial"
"dbpedia_4265","Forbes1672","1.0","Ternium","Ternium"
"dbpedia_3412","Forbes1756","1.0","Prada","Prada"
"dbpedia_3343","Forbes181","1.0","Philip Morris International","Philip Morris International"
"dbpedia_3342","Forbes181","1.0","Philip Morris International","Philip Morris International"
"dbpedia_2671","Forbes410","1.0","Magna International","Magna International"
"dbpedia_2055","Forbes616","1.0","Hyundai Heavy Industries","Hyundai Heavy Industries"
"dbpedia_2054","Forbes616","1.0","Hyundai Heavy Industries","Hyundai Heavy Industries"
"dbpedia_3626","Forbes1337","1.0","RusHydro","RusHydro"
"dbpedia_1941","Forbes835","1.0","Hermès","Hermès International"
"dbpedia_4083","Forbes305","1.0","Surgutneftegas","Surgutneftegas"
"dbpedia_3092","Forbes284","1.0","Nomura Holdings","Nomura"
"dbpedia_1906","Forbes1326","1.0","Hasbro","Hasbro"
"dbpedia_2647","Forbes1020","1.0","MTN Group","MTN Group"
"dbpedia_2646","Forbes1020","1.0","MTN Group","MTN Group"
"dbpedia_4354","Forbes144","1.0","Tokio Marine","Tokio Marine Holdings"
"dbpedia_3918","Forbes39","1.0","SoftBank Group","Softbank"
"dbpedia_3719","Forbes777","1.0","Samba (bank)","Samba Financial Group"
"dbpedia_2907","Forbes1184","1.0","Motorola Solutions","Motorola Solutions"
"dbpedia_2489","Forbes691","1.0","LG Display","LG Display"
"dbpedia_202","Forbes1093","1.0","Alrosa","Alrosa"
"dbpedia_3677","Forbes824","1.0","SM Investments","SM Investments"
"dbpedia_3243","Forbes299","1.0","POSCO","Posco"
"dbpedia_1522","Forbes941","1.0","Fairfax Financial","Fairfax Financial"
"dbpedia_4006","Forbes1437","1.0","Steel Dynamics","Steel Dynamics"
"dbpedia_599","Forbes3","1.0","Berkshire Hathaway","Berkshire Hathaway"
"dbpedia_4499","Forbes1364","1.0","UGI Corporation","UGI"
"dbpedia_3310","Forbes1620","1.0","People's United Financial","People's United Financial"
"dbpedia_3800","Forbes1256","1.0","Sekisui Chemical","Sekisui Chemical"
"dbpedia_3311","Forbes1620","1.0","People's United Financial","People's United Financial"
"dbpedia_3730","Forbes1417","0.8500000000000001","Samsung SDI","Samsung SDS"
"dbpedia_4719","Forbes964","1.0","WestRock","WestRock"
"dbpedia_1057","Forbes1541","1.0","Continental Resources","Continental Resources"
"dbpedia_517","Forbes843","0.8660714285714286","Bank of America","American Financial Group"
"dbpedia_3566","Forbes709","1.0","Republic Services","Republic Services"
"dbpedia_519","Forbes843","0.8660714285714286","Bank of America","American Financial Group"
"dbpedia_518","Forbes843","0.8660714285714286","Bank of America","American Financial Group"
"dbpedia_534","Forbes8","1.0","Bank of China","Bank of China"
"dbpedia_2418","Forbes427","1.0","Kimberly-Clark","Kimberly-Clark"
"dbpedia_535","Forbes8","1.0","Bank of China","Bank of China"
"dbpedia_536","Forbes8","1.0","Bank of China","Bank of China"
"dbpedia_530","Forbes8","1.0","Bank of China","Bank of China"
"dbpedia_3142","Forbes1071","1.0","OTP Bank","OTP Bank"
"dbpedia_532","Forbes8","1.0","Bank of China","Bank of China"
"dbpedia_531","Forbes8","1.0","Bank of China","Bank of China"
"dbpedia_533","Forbes8","1.0","Bank of China","Bank of China"
"dbpedia_3043","Forbes249","1.0","Nike, Inc.","Nike"
"dbpedia_2857","Forbes384","1.0","Mitsui Fudosan","Mitsui Fudosan"
"dbpedia_192","Forbes557","1.0","Ally Financial","Ally Financial"
"dbpedia_556","Forbes944","1.0","Banque Saudi Fransi","Banque Saudi Fransi"
"dbpedia_4544","Forbes159","1.0","United Parcel Service","United Parcel Service"
"dbpedia_2754","Forbes215","1.0","McDonald's","McDonald's"
"dbpedia_3758","Forbes539","1.0","Sasol","Sasol"
"dbpedia_2358","Forbes798","1.0","KT Corporation","KT Corp"
"dbpedia_396","Forbes1174","1.0","Autoliv","Autoliv"
"dbpedia_1099","Forbes1779","1.0","Credit Saison","Credit Saison"
"dbpedia_2359","Forbes798","1.0","KT Corporation","KT Corp"
"dbpedia_2811","Forbes1904","1.0","Microchip Technology","Microchip Technology"
"dbpedia_550","Forbes1815","1.0","Bank of Queensland","Bank of Queensland"
"dbpedia_2659","Forbes344","1.0","Macquarie Group","Macquarie Group"
"dbpedia_2437","Forbes1338","1.0","Kobe Steel","Kobe Steel"
"dbpedia_2436","Forbes1338","1.0","Kobe Steel","Kobe Steel"
"dbpedia_3292","Forbes1178","1.0","Paychex","Paychex"
"dbpedia_2311","Forbes302","1.0","KB Financial Group","KB Financial Group"
"dbpedia_843","Forbes503","1.0","Caterpillar Inc.","Caterpillar"
"dbpedia_844","Forbes503","1.0","Caterpillar Inc.","Caterpillar"
"dbpedia_711","Forbes638","1.0","Bunge Limited","Bunge"
"dbpedia_1996","Forbes1841","1.0","Hokkoku Bank","Hokkoku Bank"
"dbpedia_2059","Forbes825","1.0","Hyundai Steel","Hyundai Steel"
"dbpedia_298","Forbes1236","1.0","Aramark","Aramark"
"dbpedia_299","Forbes1236","1.0","Aramark","Aramark"
"dbpedia_1100","Forbes491","1.0","Credit Suisse","Credit Suisse Group"
"dbpedia_239","Forbes131","1.0","Amgen","Amgen"
"dbpedia_3588","Forbes959","1.0","Riyad Bank","Riyad Bank"
"dbpedia_2514","Forbes483","1.0","Larsen & Toubro","Larsen & Toubro"
"dbpedia_208","Forbes177","1.0","Altria","Altria Group"
"dbpedia_240","Forbes131","1.0","Amgen","Amgen"
"dbpedia_2203","Forbes402","1.0","Investor AB","Investor AB"
"dbpedia_1858","Forbes958","1.0","HCL Technologies","HCL Technologies"
"dbpedia_3307","Forbes1620","1.0","People's United Financial","People's United Financial"
"dbpedia_3308","Forbes1620","1.0","People's United Financial","People's United Financial"
"dbpedia_841","Forbes1663","1.0","Catcher Technology","Catcher Technology"
"dbpedia_2163","Forbes978","1.0","Inpex","Inpex"
"dbpedia_3855","Forbes1561","1.0","Shizuoka Bank","Shizuoka Bank"
"dbpedia_2162","Forbes978","1.0","Inpex","Inpex"
"dbpedia_3728","Forbes1696","1.0","Samsung Heavy Industries","Samsung Heavy Industries"
"dbpedia_3309","Forbes1620","1.0","People's United Financial","People's United Financial"
"dbpedia_3023","Forbes1514","1.0","News Corporation","News Corp"
"dbpedia_3024","Forbes1514","1.0","News Corporation","News Corp"
"dbpedia_2348","Forbes141","1.0","KDDI","KDDI"
"dbpedia_931","Forbes22","1.0","China Mobile","China Mobile"
"dbpedia_546","Forbes1984","1.0","Bank of Iwate","Bank of Iwate"
"dbpedia_932","Forbes22","1.0","China Mobile","China Mobile"
"dbpedia_933","Forbes22","1.0","China Mobile","China Mobile"
"dbpedia_4214","Forbes673","1.0","Tatneft","Tatneft"
"dbpedia_4346","Forbes1691","1.0","Toho Bank","Toho Bank"
"dbpedia_3052","Forbes1310","1.0","Nippon Express","Nippon Express"
"dbpedia_3355","Forbes1849","1.0","PhosAgro","Phosagro"
"dbpedia_804","Forbes128","1.0","Capital One","Capital One Financial"
"dbpedia_1108","Forbes1359","1.0","Crown Holdings","Crown Holdings"
"dbpedia_345","Forbes1783","1.0","Asian Paints","Asian Paints"
"dbpedia_930","Forbes22","1.0","China Mobile","China Mobile"
"dbpedia_1016","Forbes472","1.0","Colgate-Palmolive","Colgate-Palmolive"
"dbpedia_926","Forbes22","1.0","China Mobile","China Mobile"
"dbpedia_158","Forbes1330","1.0","Alcoa","Alcoa"
"dbpedia_927","Forbes22","1.0","China Mobile","China Mobile"
"dbpedia_928","Forbes22","1.0","China Mobile","China Mobile"
"dbpedia_929","Forbes22","1.0","China Mobile","China Mobile"
"dbpedia_329","Forbes602","1.0","Asahi Kasei","Asahi Kasei"
"dbpedia_1335","Forbes407","1.0","EBay","eBay"
"dbpedia_4060","Forbes1023","1.0","Sun Pharma","Sun Pharma Industries"
"dbpedia_3072","Forbes1324","1.0","Nippon Yusen","Nippon Yusen"
"dbpedia_1038","Forbes486","1.0","Compass, Inc.","Compass Group"
"dbpedia_522","Forbes8","1.0","Bank of China","Bank of China"
"dbpedia_3846","Forbes474","1.0","Shin-Etsu Chemical","Shin-Etsu Chemical"
"dbpedia_523","Forbes8","1.0","Bank of China","Bank of China"
"dbpedia_524","Forbes8","1.0","Bank of China","Bank of China"
"dbpedia_525","Forbes8","1.0","Bank of China","Bank of China"
"dbpedia_521","Forbes8","1.0","Bank of China","Bank of China"
"dbpedia_3193","Forbes1405","1.0","OpenText","Open Text"
"dbpedia_526","Forbes8","1.0","Bank of China","Bank of China"
"dbpedia_527","Forbes8","1.0","Bank of China","Bank of China"
"dbpedia_528","Forbes8","1.0","Bank of China","Bank of China"
"dbpedia_280","Forbes1476","1.0","Aozora Bank","Aozora Bank"
"dbpedia_529","Forbes8","1.0","Bank of China","Bank of China"
"dbpedia_3845","Forbes474","1.0","Shin-Etsu Chemical","Shin-Etsu Chemical"
"dbpedia_4037","Forbes333","1.0","Subaru Corporation","Subaru"
"dbpedia_2011","Forbes74","1.0","Honda","Honda Motor"
"dbpedia_3871","Forbes50","1.0","Siemens","Siemens"
"dbpedia_1945","Forbes1188","1.0","Hess Corporation","Hess"
"dbpedia_1831","Forbes1960","1.0","Group 1 Automotive","Group 1 Automotive"
"dbpedia_1832","Forbes1960","1.0","Group 1 Automotive","Group 1 Automotive"
"dbpedia_330","Forbes602","1.0","Asahi Kasei","Asahi Kasei"
"dbpedia_1455","Forbes1426","1.0","Equifax","Equifax"
"dbpedia_2874","Forbes1689","1.0","Molina Healthcare","Molina Healthcare"
"dbpedia_920","Forbes42","1.0","China Merchants Bank","China Merchants Bank"
"dbpedia_2875","Forbes1689","1.0","Molina Healthcare","Molina Healthcare"
"dbpedia_921","Forbes42","1.0","China Merchants Bank","China Merchants Bank"
"dbpedia_922","Forbes42","1.0","China Merchants Bank","China Merchants Bank"
"dbpedia_554","Forbes1988","1.0","BankUnited","Bankunited"
"dbpedia_519","Forbes7","1.0","Bank of America","Bank of America"
"dbpedia_518","Forbes7","1.0","Bank of America","Bank of America"
"dbpedia_510","Forbes924","1.0","Bank Negara Indonesia","Bank Negara Indonesia"
"dbpedia_517","Forbes7","1.0","Bank of America","Bank of America"
"dbpedia_4753","Forbes1883","1.0","Workday, Inc.","Workday"
"dbpedia_1878","Forbes716","1.0","Halliburton","Halliburton"
"dbpedia_757","Forbes937","1.0","CMS Energy","CMS Energy"
"dbpedia_3257","Forbes631","1.0","Paccar","Paccar"
"dbpedia_3037","Forbes688","1.0","Nidec","Nidec"
"dbpedia_4568","Forbes728","1.0","VF Corporation","VF"
"dbpedia_3036","Forbes688","1.0","Nidec","Nidec"
"dbpedia_1466","Forbes320","1.0","Etisalat","Etisalat"
"dbpedia_1025","Forbes31","1.0","Comcast","Comcast"
"dbpedia_898","Forbes1925","1.0","China Agri-Industries Holdings","China Agri-Industries"
"dbpedia_919","Forbes42","1.0","China Merchants Bank","China Merchants Bank"
"dbpedia_499","Forbes564","1.0","Bank Central Asia","Bank Central Asia"
"dbpedia_3925","Forbes666","1.0","Solvay S.A.","Solvay"
"dbpedia_3926","Forbes666","1.0","Solvay S.A.","Solvay"
"dbpedia_3927","Forbes666","1.0","Solvay S.A.","Solvay"
"dbpedia_3928","Forbes666","1.0","Solvay S.A.","Solvay"
"dbpedia_3096","Forbes1312","1.0","Nordstrom","Nordstrom"
"dbpedia_3929","Forbes666","1.0","Solvay S.A.","Solvay"
"dbpedia_3849","Forbes265","1.0","Shinhan Financial Group","Shinhan Financial Group"
"dbpedia_3930","Forbes666","1.0","Solvay S.A.","Solvay"
"dbpedia_2919","Forbes622","1.0","Murata Manufacturing","Murata Manufacturing"
"dbpedia_3931","Forbes666","1.0","Solvay S.A.","Solvay"
"dbpedia_4692","Forbes1751","1.0","Waste Connections","Waste Connections"
"dbpedia_3932","Forbes666","1.0","Solvay S.A.","Solvay"
"dbpedia_3147","Forbes722","1.0","Occidental Petroleum","Occidental Petroleum"
"dbpedia_2577","Forbes1043","1.0","Lixil Group","Lixil Group"
"dbpedia_2576","Forbes1043","1.0","Lixil Group","Lixil Group"
"dbpedia_2137","Forbes1934","1.0","Indiabulls Housing Finance","Indiabulls Housing Finance"
"dbpedia_2002","Forbes1805","1.0","Hologic","Hologic"
"dbpedia_2003","Forbes1805","1.0","Hologic","Hologic"
"dbpedia_3571","Forbes1066","1.0","Restaurant Brands","Restaurant Brands International"
"dbpedia_3198","Forbes304","1.0","Orange S.A.","Orange"
"dbpedia_3572","Forbes1066","1.0","Restaurant Brands International","Restaurant Brands International"
"dbpedia_3199","Forbes304","1.0","Orange S.A.","Orange"
"dbpedia_2078","Forbes1524","1.0","IDBI Bank","IDBI Bank"
"dbpedia_466","Forbes952","1.0","Baker Hughes","Baker Hughes"
"dbpedia_4285","Forbes114","1.0","The Home Depot","Home Depot"
"dbpedia_1406","Forbes983","1.0","Electronic Arts","Electronic Arts"
"dbpedia_3999","Forbes370","1.0","Starbucks","Starbucks"
"dbpedia_236","Forbes315","1.0","AmerisourceBergen","AmerisourceBergen"
"dbpedia_4253","Forbes643","1.0","Telus Corporation","TELUS"
"dbpedia_4252","Forbes643","1.0","Telus Corporation","TELUS"
"dbpedia_4251","Forbes643","1.0","Telus Corporation","TELUS"
"dbpedia_4254","Forbes643","1.0","Telus Corporation","TELUS"
"dbpedia_4741","Forbes765","1.0","Wipro","Wipro"
"dbpedia_956","Forbes209","1.0","Cigna","Cigna"
"dbpedia_3126","Forbes726","1.0","Nvidia","NVIDIA"
"dbpedia_955","Forbes209","1.0","Cigna","Cigna"
"dbpedia_958","Forbes209","1.0","Cigna","Cigna"
"dbpedia_2815","Forbes1889","1.0","Mid-America Apartment Communities","Mid-america Apartment Communities"
"dbpedia_957","Forbes209","1.0","Cigna","Cigna"
"dbpedia_3125","Forbes726","1.0","Nvidia","NVIDIA"
"dbpedia_20","Forbes236","1.0","ABB","ABB"
"dbpedia_2746","Forbes682","1.0","Mazda","Mazda Motor"
"dbpedia_3445","Forbes69","1.0","Prudential Financial","Prudential Financial"
"dbpedia_2716","Forbes458","1.0","Marsh McLennan","Marsh & McLennan"
"dbpedia_2174","Forbes1055","1.0","Inter RAO","Inter Rao"
"dbpedia_2254","Forbes4","1.0","JPMorgan Chase","JPMorgan Chase"
"dbpedia_3445","Forbes68","1.0","Prudential Financial","Prudential"
"dbpedia_702","Forbes202","1.0","Brookfield Asset Management","Brookfield Asset Management"
"dbpedia_902","Forbes78","1.0","China CITIC Bank","China Citic Bank"
"dbpedia_703","Forbes202","1.0","Brookfield Asset Management","Brookfield Asset Management"
"dbpedia_2032","Forbes255","1.0","Huaxia Bank","Huaxia Bank"
"dbpedia_1459","Forbes710","1.0","Ericsson","Ericsson"
"dbpedia_4422","Forbes442","1.0","Toyota","Toyota Industries"
"dbpedia_3110","Forbes542","1.0","Novatek","Novatek"
"dbpedia_264","Forbes712","1.0","Anhui Conch Cement","Anhui Conch Cement"
"dbpedia_265","Forbes712","1.0","Anhui Conch Cement","Anhui Conch Cement"
"dbpedia_1421","Forbes573","1.0","Emirates NBD","Emirates NBD"
"dbpedia_2849","Forbes708","1.0","Mitsubishi Heavy Industries","Mitsubishi Heavy Industries"
"dbpedia_2848","Forbes708","1.0","Mitsubishi Heavy Industries","Mitsubishi Heavy Industries"
"dbpedia_1722","Forbes40","1.0","Gazprom","Gazprom"
"dbpedia_2201","Forbes912","1.0","Invesco","Invesco"
"dbpedia_677","Forbes1418","1.0","Brambles Limited","Brambles"
"dbpedia_2970","Forbes1715","1.0","Nanto Bank","Nanto Bank"
"dbpedia_3949","Forbes184","1.0","Southern Company","Southern Company"
"dbpedia_2028","Forbes1160","1.0","Hoya Corporation","Hoya"
"dbpedia_2027","Forbes1160","1.0","Hoya Corporation","Hoya"
"dbpedia_4734","Forbes388","1.0","Wilmar International","Wilmar International"
"dbpedia_4261","Forbes1761","1.0","Tenneco","Tenneco"
"dbpedia_2491","Forbes1392","1.0","LG Household & Health Care","LG Household & Health Care"
"dbpedia_520","Forbes1145","1.0","Bank of Baroda","Bank of Baroda"
"dbpedia_3183","Forbes953","1.0","Onex Corporation","Onex"
"dbpedia_3730","Forbes1969","1.0","Samsung SDI","Samsung SDI"
"dbpedia_1042","Forbes938","1.0","Conagra Brands","Conagra Brands"
"dbpedia_1958","Forbes1175","1.0","Hindalco Industries","Hindalco Industries"
"dbpedia_1586","Forbes829","1.0","First Republic Bank","First Republic Bank"
"dbpedia_3455","Forbes1148","1.0","Punjab National Bank","Punjab National Bank"
"dbpedia_1639","Forbes776","1.0","Freeport-McMoRan","Freeport-mcmoran"
"dbpedia_1638","Forbes776","1.0","Freeport-McMoRan","Freeport-mcmoran"
"dbpedia_1648","Forbes323","1.0","Fubon Financial Holding Co.","Fubon Financial"
"dbpedia_1649","Forbes323","1.0","Fubon Financial Holding Co.","Fubon Financial"
"dbpedia_1321","Forbes1712","1.0","Dufry","Dufry"
"dbpedia_1738","Forbes414","1.0","General Mills","General Mills"
"dbpedia_4108","Forbes1660","1.0","Sysmex Corporation","Sysmex"
"dbpedia_3830","Forbes65","1.0","Shanghai Pudong Development Bank","Shanghai Pudong Development"
"dbpedia_4107","Forbes1660","1.0","Sysmex Corporation","Sysmex"
"dbpedia_2279","Forbes45","1.0","Japan Post Holdings","Japan Post Holdings"
"dbpedia_1641","Forbes776","1.0","Freeport-McMoRan","Freeport-mcmoran"
"dbpedia_1640","Forbes776","1.0","Freeport-McMoRan","Freeport-mcmoran"
"dbpedia_2284","Forbes219","1.0","Japan Tobacco","Japan Tobacco"
"dbpedia_83","Forbes272","1.0","Accenture","Accenture"
"dbpedia_2285","Forbes219","1.0","Japan Tobacco","Japan Tobacco"
"dbpedia_2286","Forbes219","1.0","Japan Tobacco","Japan Tobacco"
"dbpedia_4091","Forbes376","1.0","Swedbank","Swedbank"
"dbpedia_656","Forbes1258","1.0","Bombardier Inc.","Bombardier"
"dbpedia_1150","Forbes1973","1.0","Dah Sing Bank","Dah Sing Financial Holdings"
"dbpedia_141","Forbes1998","1.0","Akamai Technologies","Akamai Technologies"
"dbpedia_66","Forbes11","1.0","AT&T","AT&T"
"dbpedia_894","Forbes360","1.0","Chevron Corporation","Chevron"
"dbpedia_3331","Forbes102","1.0","PetroChina","PetroChina"
"dbpedia_593","Forbes1570","1.0","Bendigo and Adelaide Bank","Bendigo & Adelaide Bank"
"dbpedia_635","Forbes1495","1.0","Blom","Blom Bank"
"dbpedia_3101","Forbes576","1.0","Northern Trust","Northern Trust"
"dbpedia_636","Forbes1495","1.0","Blom","Blom Bank"
"dbpedia_978","Forbes12","1.0","Citigroup","Citigroup"
"dbpedia_1347","Forbes831","1.0","EOG Resources","EOG Resources"
"dbpedia_1541","Forbes677","1.0","Fast Retailing","Fast Retailing"
"dbpedia_464","Forbes1435","1.0","Bajaj Auto","Bajaj Auto"
"dbpedia_2674","Forbes916","1.0","Mahindra & Mahindra","Mahindra & Mahindra"
"dbpedia_463","Forbes1435","1.0","Bajaj Auto","Bajaj Auto"
"dbpedia_2425","Forbes1817","1.0","Kingboard Holdings","Kingboard Chemical Holdings"
"dbpedia_4090","Forbes396","1.0","Suzuki","Suzuki Motor"
"dbpedia_1030","Forbes1843","1.0","Commercial Bank of Qatar","Commercial Bank of Qatar"
"dbpedia_883","Forbes107","1.0","Charter International","Charter Communications"
"dbpedia_910","Forbes2","1.0","China Construction Bank","China Construction Bank"
"dbpedia_884","Forbes107","1.0","Charter International","Charter Communications"
"dbpedia_1753","Forbes689","1.0","George Weston Limited","George Weston"
"dbpedia_4597","Forbes1644","1.0","Vertex Inc","Vertex Pharmaceuticals"
"dbpedia_4598","Forbes1644","1.0","Vertex Pharmaceuticals","Vertex Pharmaceuticals"
"dbpedia_1546","Forbes1550","1.0","Ferrari","Ferrari"
"dbpedia_3175","Forbes507","1.0","Omnicom Group","Omnicom Group"
"dbpedia_1226","Forbes1877","1.0","Delek","Delek Group"
"dbpedia_4430","Forbes658","1.0","Transneft","Transneft"
"dbpedia_4767","Forbes1203","1.0","Xerox","Xerox"
"dbpedia_269","Forbes741","1.0","Annaly Capital Management","Annaly Capital Management"
"dbpedia_4752","Forbes593","1.0","Woori Financial Group","Woori Bank"
"dbpedia_4751","Forbes593","1.0","Woori Bank","Woori Bank"
"dbpedia_3348","Forbes314","1.0","Philips","Philips"
"dbpedia_907","Forbes2","1.0","China Construction Bank","China Construction Bank"
"dbpedia_620","Forbes372","1.0","Biogen","Biogen"
"dbpedia_504","Forbes494","1.0","Bank Mandiri","Bank Mandiri"
"dbpedia_2595","Forbes185","1.0","Lowe's","Lowe's"
"dbpedia_908","Forbes2","1.0","China Construction Bank","China Construction Bank"
"dbpedia_909","Forbes2","1.0","China Construction Bank","China Construction Bank"
"dbpedia_738","Forbes1156","1.0","CDW","CDW"
"dbpedia_3834","Forbes928","1.0","Sharp Corporation","Sharp"
"dbpedia_3835","Forbes928","1.0","Sharp Corporation","Sharp"
"dbpedia_1239","Forbes703","1.0","Dentsu","Dentsu"
"dbpedia_2409","Forbes943","1.0","Keyence","Keyence"
"dbpedia_881","Forbes107","1.0","Charter Communications","Charter Communications"
